# dosya	viki sayfası
sayfalar/00a-modul-sub-veri.lua	Modül:SUB/veri
sayfalar/00b-modul-sub.lua	Modül:SUB
sayfalar/00c-sablon-extension-dpl.wiki	Şablon:Extension DPL
sayfalar/01-sablon-sub-stil.css	Şablon:SUB Portal/stil.css
sayfalar/02-sablon-sub-uye-ulus.wiki	Şablon:SUB Üye ulus
sayfalar/03-sablon-sub-durum.wiki	Şablon:SUB Durum
sayfalar/04-sablon-sub-durum-anahtar.wiki	Şablon:SUB Durum/anahtar
sayfalar/05-sablon-sub-tur.wiki	Şablon:SUB Tür
sayfalar/06-sablon-sub-komite.wiki	Şablon:SUB Komite
sayfalar/06b-sablon-sub-baslik.wiki	Şablon:SUB Başlık
sayfalar/06c-sablon-sub-baslik-bolum.wiki	Şablon:SUB Başlık/bölüm
sayfalar/07-sablon-sub-talep.wiki	Şablon:SUB Talep
sayfalar/08-sablon-sub-talep-satir.wiki	Şablon:SUB Talep/satır
sayfalar/09-sablon-sub-oylama.wiki	Şablon:SUB Oylama
sayfalar/10-onyukleme-degisiklik.wiki	Şablon:SUB Talep/önyükleme/Değişiklik önerisi
sayfalar/11-onyukleme-oylama.wiki	Şablon:SUB Talep/önyükleme/Oylama
sayfalar/12-onyukleme-tartisma.wiki	Şablon:SUB Talep/önyükleme/Tartışma
sayfalar/13-portal-kurulus-bildirgesi.wiki	Portal:Sithpedi Uluslar Birliği/Kuruluş Bildirgesi
sayfalar/14-portal-delegeler.wiki	Portal:Sithpedi Uluslar Birliği/Delegeler
sayfalar/15-portal-talep-yonergesi.wiki	Portal:Sithpedi Uluslar Birliği/Talep yönergesi
sayfalar/16-portal-duzenleme-notu.wiki	Portal:Sithpedi Uluslar Birliği/Talep yönergesi/Düzenleme notu
sayfalar/17-portal-ana-sayfa.wiki	Portal:Sithpedi Uluslar Birliği
sayfalar/18-kategori-sub.wiki	Kategori:Sithpedi Uluslar Birliği
sayfalar/19-kategori-talepler.wiki	Kategori:Sithpedi Uluslar Birliği talepleri
sayfalar/20-kategori-acik.wiki	Kategori:Sithpedi Uluslar Birliği açık talepleri
sayfalar/21-kategori-kapali.wiki	Kategori:Sithpedi Uluslar Birliği kapalı talepleri
sayfalar/22-kategori-kabul.wiki	Kategori:Sithpedi Uluslar Birliği kabul edilen talepleri
sayfalar/23-kategori-degisiklik.wiki	Kategori:Sithpedi Uluslar Birliği değişiklik önerileri
sayfalar/24-kategori-oylama.wiki	Kategori:Sithpedi Uluslar Birliği oylamaları
sayfalar/25-kategori-tartisma.wiki	Kategori:Sithpedi Uluslar Birliği tartışmaları
sayfalar/26-kategori-belirsiz.wiki	Kategori:Sithpedi Uluslar Birliği durumu belirsiz talepleri
sayfalar/27-kategori-sablonlar.wiki	Kategori:Sithpedi Uluslar Birliği şablonları
